,
0,Adriana.baimandr
1,Matei.baimandr
2,Jayen.hemis0123
3,Thomas.chon
4,Andrew.xiaojli
5,Zara.celestemeely
6,Derek.CrazyDZ2020
7,Lareina.joneswife06
8,Yaya.a
9,nissley.a
10,Jill.y
11,Enen.a
12,Steven.j
13,Zemariam.T
14,Ayaan.s
15,Samyuktha.s
16,Walter.j
17,Lauren.z
18,Vincent.c
19,Naveen.m
20,Alondra.v
21,Aishwarya.v
22,Shakeela.s
23,Sanjit.k
24,Sarayu.h
25,Avinash.s
26,Rachel.a
27,Evina.m
28, James.g
29,Julian.t
30,Zoya.s
31,Hannah.k
32,Ishana.s
33,Abidan.a
34,Reyansh.t
35,DJ.r
